{
	"name": "rogtweaks",
	"title": "Roger's Tweaks",
	"description": "Personal module for house rules, etc.",
	"minimumCoreVersion": "0.8.8",
	"compatibleCoreVersion": "0.8.9",
	"version": "0.2",
	"author": "Red Reign#5128",
	"systems": ["dnd5e"],
	"esmodules": ["./scripts/rogtweaks.js"],
	"styles": [],
	"packs": [],
	"manifest": "https://raw.githubusercontent.com/RedReign/FoundryVTT-BetterRolls5e/master/betterrolls5e/module.json",
	"download": "https://github.com/RedReign/FoundryVTT-BetterRolls5e/releases/download/v1.6.8/module.zip"
}